<?xml version="1.0" encoding="UTF-8" standalone="no"?>
<Contratos>
    <Contrato>
        <NIF>B00000001</NIF>
        <Adjudicatario>PROVEEDOR 1 SL</Adjudicatario>
        <Objeto_Generico>MATERIAL FERRETERÍA</Objeto_Generico>
        <Objeto>Objeto del contrato número 1</Objeto>
        <Fecha_adjudicacion>2016-01-02T00:00:00.000</Fecha_adjudicacion>
        <Importe>110,50 €</Importe>
        <Proveedores_Consultados/>
    </Contrato>
    <Contrato>
        <NIF>B00000002</NIF>
        <Adjudicatario>PROVEEDOR 2 SL</Adjudicatario>
        <Objeto_Generico>MATERIAL ELECTRICIDAD</Objeto_Generico>
        <Objeto>Objeto del contrato número 2</Objeto>
        <Fecha_adjudicacion>2016-01-03T00:00:00.000</Fecha_adjudicacion>
        <Importe>121,00 €</Importe>
        <Proveedores_Consultados/>
    </Contrato>
    <Contrato>
        <NIF>B00000003</NIF>
        <Adjudicatario>PROVEEDOR 3 SL</Adjudicatario>
        <Objeto_Generico>MATERIAL DE OFICINA</Objeto_Generico>
        <Objeto>Objeto del contrato número 3</Objeto>
        <Fecha_adjudicacion>2016-01-04T00:00:00.000</Fecha_adjudicacion>
        <Importe>131,50 €</Importe>
        <Proveedores_Consultados/>
    </Contrato>
    <Contrato>
        <NIF>B00000004</NIF>
        <Adjudicatario>PROVEEDOR 4 SL</Adjudicatario>
        <Objeto_Generico>MANTENIMIENTO SEDE</Objeto_Generico>
        <Objeto>Objeto del contrato número 4</Objeto>
        <Fecha_adjudicacion>2016-01-05T00:00:00.000</Fecha_adjudicacion>
        <Importe>142,00 €</Importe>
        <Proveedores_Consultados/>
    </Contrato>
    <Contrato>
        <NIF>B00000005</NIF>
        <Adjudicatario>PROVEEDOR 5 SL</Adjudicatario>
        <Objeto_Generico>ASISTENCIA JURÍDICA</Objeto_Generico>
        <Objeto>Objeto del contrato número 5</Objeto>
        <Fecha_adjudicacion>2016-01-06T00:00:00.000</Fecha_adjudicacion>
        <Importe>152,50 €</Importe>
        <Proveedores_Consultados/>
    </Contrato>
    <Contrato>
        <NIF>B00000006</NIF>
        <Adjudicatario>PROVEEDOR 6 SL</Adjudicatario>
        <Objeto_Generico>MATERIAL FERRETERÍA</Objeto_Generico>
        <Objeto>Objeto del contrato número 6</Objeto>
        <Fecha_adjudicacion>2016-01-07T00:00:00.000</Fecha_adjudicacion>
        <Importe>163,00 €</Importe>
        <Proveedores_Consultados/>
    </Contrato>
    <Contrato>
        <NIF>B00000007</NIF>
        <Adjudicatario>PROVEEDOR 7 SL</Adjudicatario>
        <Objeto_Generico>MATERIAL ELECTRICIDAD</Objeto_Generico>
        <Objeto>Objeto del contrato número 7</Objeto>
        <Fecha_adjudicacion>2016-01-08T00:00:00.000</Fecha_adjudicacion>
        <Importe>173,50 €</Importe>
        <Proveedores_Consultados/>
    </Contrato>
    <Contrato>
        <NIF>B00000008</NIF>
        <Adjudicatario>PROVEEDOR 8 SL</Adjudicatario>
        <Objeto_Generico>MATERIAL DE OFICINA</Objeto_Generico>
        <Objeto>Objeto del contrato número 8</Objeto>
        <Fecha_adjudicacion>2016-01-09T00:00:00.000</Fecha_adjudicacion>
        <Importe>184,00 €</Importe>
        <Proveedores_Consultados/>
    </Contrato>
    <Contrato>
        <NIF>B00000009</NIF>
        <Adjudicatario>PROVEEDOR 9 SL</Adjudicatario>
        <Objeto_Generico>MANTENIMIENTO SEDE</Objeto_Generico>
        <Objeto>Objeto del contrato número 9</Objeto>
        <Fecha_adjudicacion>2016-01-10T00:00:00.000</Fecha_adjudicacion>
        <Importe>194,50 €</Importe>
        <Proveedores_Consultados/>
    </Contrato>
    <Contrato>
        <NIF>B00000010</NIF>
        <Adjudicatario>PROVEEDOR 10 SL</Adjudicatario>
        <Objeto_Generico>ASISTENCIA JURÍDICA</Objeto_Generico>
        <Objeto>Objeto del contrato número 10</Objeto>
        <Fecha_adjudicacion>2016-01-11T00:00:00.000</Fecha_adjudicacion>
        <Importe>205,00 €</Importe>
        <Proveedores_Consultados/>
    </Contrato>
    <Contrato>
        <NIF>B00000011</NIF>
        <Adjudicatario>PROVEEDOR 11 SL</Adjudicatario>
        <Objeto_Generico>MATERIAL FERRETERÍA</Objeto_Generico>
        <Objeto>Objeto del contrato número 11</Objeto>
        <Fecha_adjudicacion>2016-01-12T00:00:00.000</Fecha_adjudicacion>
        <Importe>215,50 €</Importe>
        <Proveedores_Consultados/>
    </Contrato>
    <Contrato>
        <NIF>B00000012</NIF>
        <Adjudicatario>PROVEEDOR 12 SL</Adjudicatario>
        <Objeto_Generico>MATERIAL ELECTRICIDAD</Objeto_Generico>
        <Objeto>Objeto del contrato número 12</Objeto>
        <Fecha_adjudicacion>2016-01-13T00:00:00.000</Fecha_adjudicacion>
        <Importe>226,00 €</Importe>
        <Proveedores_Consultados/>
    </Contrato>
    <Contrato>
        <NIF>B00000013</NIF>
        <Adjudicatario>PROVEEDOR 13 SL</Adjudicatario>
        <Objeto_Generico>MATERIAL DE OFICINA</Objeto_Generico>
        <Objeto>Objeto del contrato número 13</Objeto>
        <Fecha_adjudicacion>2016-01-14T00:00:00.000</Fecha_adjudicacion>
        <Importe>236,50 €</Importe>
        <Proveedores_Consultados/>
    </Contrato>
    <Contrato>
        <NIF>B00000014</NIF>
        <Adjudicatario>PROVEEDOR 14 SL</Adjudicatario>
        <Objeto_Generico>MANTENIMIENTO SEDE</Objeto_Generico>
        <Objeto>Objeto del contrato número 14</Objeto>
        <Fecha_adjudicacion>2016-01-15T00:00:00.000</Fecha_adjudicacion>
        <Importe>247,00 €</Importe>
        <Proveedores_Consultados/>
    </Contrato>
    <Contrato>
        <NIF>B00000015</NIF>
        <Adjudicatario>PROVEEDOR 15 SL</Adjudicatario>
        <Objeto_Generico>ASISTENCIA JURÍDICA</Objeto_Generico>
        <Objeto>Objeto del contrato número 15</Objeto>
        <Fecha_adjudicacion>2016-01-16T00:00:00.000</Fecha_adjudicacion>
        <Importe>257,50 €</Importe>
        <Proveedores_Consultados/>
    </Contrato>
    <Contrato>
        <NIF>B00000016</NIF>
        <Adjudicatario>PROVEEDOR 16 SL</Adjudicatario>
        <Objeto_Generico>MATERIAL FERRETERÍA</Objeto_Generico>
        <Objeto>Objeto del contrato número 16</Objeto>
        <Fecha_adjudicacion>2016-01-17T00:00:00.000</Fecha_adjudicacion>
        <Importe>268,00 €</Importe>
        <Proveedores_Consultados/>
    </Contrato>
    <Contrato>
        <NIF>B00000017</NIF>
        <Adjudicatario>PROVEEDOR 17 SL</Adjudicatario>
        <Objeto_Generico>MATERIAL ELECTRICIDAD</Objeto_Generico>
        <Objeto>Objeto del contrato número 17</Objeto>
        <Fecha_adjudicacion>2016-01-18T00:00:00.000</Fecha_adjudicacion>
        <Importe>278,50 €</Importe>
        <Proveedores_Consultados/>
    </Contrato>
    <Contrato>
        <NIF>B00000018</NIF>
        <Adjudicatario>PROVEEDOR 18 SL</Adjudicatario>
        <Objeto_Generico>MATERIAL DE OFICINA</Objeto_Generico>
        <Objeto>Objeto del contrato número 18</Objeto>
        <Fecha_adjudicacion>2016-01-19T00:00:00.000</Fecha_adjudicacion>
        <Importe>289,00 €</Importe>
        <Proveedores_Consultados/>
    </Contrato>
    <Contrato>
        <NIF>B00000019</NIF>
        <Adjudicatario>PROVEEDOR 19 SL</Adjudicatario>
        <Objeto_Generico>MANTENIMIENTO SEDE</Objeto_Generico>
        <Objeto>Objeto del contrato número 19</Objeto>
        <Fecha_adjudicacion>2016-01-20T00:00:00.000</Fecha_adjudicacion>
        <Importe>299,50 €</Importe>
        <Proveedores_Consultados/>
    </Contrato>
    <Contrato>
        <NIF>B00000020</NIF>
        <Adjudicatario>PROVEEDOR 20 SL</Adjudicatario>
        <Objeto_Generico>ASISTENCIA JURÍDICA</Objeto_Generico>
        <Objeto>Objeto del contrato número 20</Objeto>
        <Fecha_adjudicacion>2016-01-21T00:00:00.000</Fecha_adjudicacion>
        <Importe>310,00 €</Importe>
        <Proveedores_Consultados/>
    </Contrato>
    <Contrato>
        <NIF>B00000021</NIF>
        <Adjudicatario>PROVEEDOR 21 SL</Adjudicatario>
        <Objeto_Generico>MATERIAL FERRETERÍA</Objeto_Generico>
        <Objeto>Objeto del contrato número 21</Objeto>
        <Fecha_adjudicacion>2016-01-22T00:00:00.000</Fecha_adjudicacion>
        <Importe>320,50 €</Importe>
        <Proveedores_Consultados/>
    </Contrato>
    <Contrato>
        <NIF>B00000022</NIF>
        <Adjudicatario>PROVEEDOR 22 SL</Adjudicatario>
        <Objeto_Generico>MATERIAL ELECTRICIDAD</Objeto_Generico>
        <Objeto>Objeto del contrato número 22</Objeto>
        <Fecha_adjudicacion>2016-01-23T00:00:00.000</Fecha_adjudicacion>
        <Importe>331,00 €</Importe>
        <Proveedores_Consultados/>
    </Contrato>
    <Contrato>
        <NIF>B00000023</NIF>
        <Adjudicatario>PROVEEDOR 23 SL</Adjudicatario>
        <Objeto_Generico>MATERIAL DE OFICINA</Objeto_Generico>
        <Objeto>Objeto del contrato número 23</Objeto>
        <Fecha_adjudicacion>2016-01-24T00:00:00.000</Fecha_adjudicacion>
        <Importe>341,50 €</Importe>
        <Proveedores_Consultados/>
    </Contrato>
    <Contrato>
        <NIF>B00000024</NIF>
        <Adjudicatario>PROVEEDOR 24 SL</Adjudicatario>
        <Objeto_Generico>MANTENIMIENTO SEDE</Objeto_Generico>
        <Objeto>Objeto del contrato número 24</Objeto>
        <Fecha_adjudicacion>2016-01-25T00:00:00.000</Fecha_adjudicacion>
        <Importe>352,00 €</Importe>
        <Proveedores_Consultados/>
    </Contrato>
    <Contrato>
        <NIF>B00000025</NIF>
        <Adjudicatario>PROVEEDOR 25 SL</Adjudicatario>
        <Objeto_Generico>ASISTENCIA JURÍDICA</Objeto_Generico>
        <Objeto>Objeto del contrato número 25</Objeto>
        <Fecha_adjudicacion>2016-01-26T00:00:00.000</Fecha_adjudicacion>
        <Importe>362,50 €</Importe>
        <Proveedores_Consultados/>
    </Contrato>
    <Contrato>
        <NIF>B00000026</NIF>
        <Adjudicatario>PROVEEDOR 26 SL</Adjudicatario>
        <Objeto_Generico>MATERIAL FERRETERÍA</Objeto_Generico>
        <Objeto>Objeto del contrato número 26</Objeto>
        <Fecha_adjudicacion>2016-01-27T00:00:00.000</Fecha_adjudicacion>
        <Importe>373,00 €</Importe>
        <Proveedores_Consultados/>
    </Contrato>
    <Contrato>
        <NIF>B00000027</NIF>
        <Adjudicatario>PROVEEDOR 27 SL</Adjudicatario>
        <Objeto_Generico>MATERIAL ELECTRICIDAD</Objeto_Generico>
        <Objeto>Objeto del contrato número 27</Objeto>
        <Fecha_adjudicacion>2016-01-28T00:00:00.000</Fecha_adjudicacion>
        <Importe>383,50 €</Importe>
        <Proveedores_Consultados/>
    </Contrato>
    <Contrato>
        <NIF>B00000028</NIF>
        <Adjudicatario>PROVEEDOR 28 SL</Adjudicatario>
        <Objeto_Generico>MATERIAL DE OFICINA</Objeto_Generico>
        <Objeto>Objeto del contrato número 28</Objeto>
        <Fecha_adjudicacion>2016-01-29T00:00:00.000</Fecha_adjudicacion>
        <Importe>394,00 €</Importe>
        <Proveedores_Consultados/>
    </Contrato>
    <Contrato>
        <NIF>B00000029</NIF>
        <Adjudicatario>PROVEEDOR 29 SL</Adjudicatario>
        <Objeto_Generico>MANTENIMIENTO SEDE</Objeto_Generico>
        <Objeto>Objeto del contrato número 29</Objeto>
        <Fecha_adjudicacion>2016-01-30T00:00:00.000</Fecha_adjudicacion>
        <Importe>404,50 €</Importe>
        <Proveedores_Consultados/>
    </Contrato>
    <Contrato>
        <NIF>B00000030</NIF>
        <Adjudicatario>PROVEEDOR 30 SL</Adjudicatario>
        <Objeto_Generico>ASISTENCIA JURÍDICA</Objeto_Generico>
        <Objeto>Objeto del contrato número 30</Objeto>
        <Fecha_adjudicacion>2016-01-31T00:00:00.000</Fecha_adjudicacion>
        <Importe>415,00 €</Importe>
        <Proveedores_Consultados/>
    </Contrato>
    <Contrato>
        <NIF>B00000031</NIF>
        <Adjudicatario>PROVEEDOR 31 SL</Adjudicatario>
        <Objeto_Generico>MATERIAL FERRETERÍA</Objeto_Generico>
        <Objeto>Objeto del contrato número 31</Objeto>
        <Fecha_adjudicacion>2016-02-01T00:00:00.000</Fecha_adjudicacion>
        <Importe>425,50 €</Importe>
        <Proveedores_Consultados/>
    </Contrato>
    <Contrato>
        <NIF>B00000032</NIF>
        <Adjudicatario>PROVEEDOR 32 SL</Adjudicatario>
        <Objeto_Generico>MATERIAL ELECTRICIDAD</Objeto_Generico>
        <Objeto>Objeto del contrato número 32</Objeto>
        <Fecha_adjudicacion>2016-02-02T00:00:00.000</Fecha_adjudicacion>
        <Importe>436,00 €</Importe>
        <Proveedores_Consultados/>
    </Contrato>
    <Contrato>
        <NIF>B00000033</NIF>
        <Adjudicatario>PROVEEDOR 33 SL</Adjudicatario>
        <Objeto_Generico>MATERIAL DE OFICINA</Objeto_Generico>
        <Objeto>Objeto del contrato número 33</Objeto>
        <Fecha_adjudicacion>2016-02-03T00:00:00.000</Fecha_adjudicacion>
        <Importe>446,50 €</Importe>
        <Proveedores_Consultados/>
    </Contrato>
    <Contrato>
        <NIF>B00000034</NIF>
        <Adjudicatario>PROVEEDOR 34 SL</Adjudicatario>
        <Objeto_Generico>MANTENIMIENTO SEDE</Objeto_Generico>
        <Objeto>Objeto del contrato número 34</Objeto>
        <Fecha_adjudicacion>2016-02-04T00:00:00.000</Fecha_adjudicacion>
        <Importe>457,00 €</Importe>
        <Proveedores_Consultados/>
    </Contrato>
    <Contrato>
        <NIF>B00000035</NIF>
        <Adjudicatario>PROVEEDOR 35 SL</Adjudicatario>
        <Objeto_Generico>ASISTENCIA JURÍDICA</Objeto_Generico>
        <Objeto>Objeto del contrato número 35</Objeto>
        <Fecha_adjudicacion>2016-02-05T00:00:00.000</Fecha_adjudicacion>
        <Importe>467,50 €</Importe>
        <Proveedores_Consultados/>
    </Contrato>
    <Contrato>
        <NIF>B00000036</NIF>
        <Adjudicatario>PROVEEDOR 36 SL</Adjudicatario>
        <Objeto_Generico>MATERIAL FERRETERÍA</Objeto_Generico>
        <Objeto>Objeto del contrato número 36</Objeto>
        <Fecha_adjudicacion>2016-02-06T00:00:00.000</Fecha_adjudicacion>
        <Importe>478,00 €</Importe>
        <Proveedores_Consultados/>
    </Contrato>
    <Contrato>
        <NIF>B00000037</NIF>
        <Adjudicatario>PROVEEDOR 37 SL</Adjudicatario>
        <Objeto_Generico>MATERIAL ELECTRICIDAD</Objeto_Generico>
        <Objeto>Objeto del contrato número 37</Objeto>
        <Fecha_adjudicacion>2016-02-07T00:00:00.000</Fecha_adjudicacion>
        <Importe>488,50 €</Importe>
        <Proveedores_Consultados/>
    </Contrato>
    <Contrato>
        <NIF>B00000038</NIF>
        <Adjudicatario>PROVEEDOR 38 SL</Adjudicatario>
        <Objeto_Generico>MATERIAL DE OFICINA</Objeto_Generico>
        <Objeto>Objeto del contrato número 38</Objeto>
        <Fecha_adjudicacion>2016-02-08T00:00:00.000</Fecha_adjudicacion>
        <Importe>499,00 €</Importe>
        <Proveedores_Consultados/>
    </Contrato>
    <Contrato>
        <NIF>B00000039</NIF>
        <Adjudicatario>PROVEEDOR 39 SL</Adjudicatario>
        <Objeto_Generico>MANTENIMIENTO SEDE</Objeto_Generico>
        <Objeto>Objeto del contrato número 39</Objeto>
        <Fecha_adjudicacion>2016-02-09T00:00:00.000</Fecha_adjudicacion>
        <Importe>509,50 €</Importe>
        <Proveedores_Consultados/>
    </Contrato>
    <Contrato>
        <NIF>B00000040</NIF>
        <Adjudicatario>PROVEEDOR 40 SL</Adjudicatario>
        <Objeto_Generico>ASISTENCIA JURÍDICA</Objeto_Generico>
        <Objeto>Objeto del contrato número 40</Objeto>
        <Fecha_adjudicacion>2016-02-10T00:00:00.000</Fecha_adjudicacion>
        <Importe>520,00 €</Importe>
        <Proveedores_Consultados/>
    </Contrato>
    <Contrato>
        <NIF>B00000041</NIF>
        <Adjudicatario>PROVEEDOR 41 SL</Adjudicatario>
        <Objeto_Generico>MATERIAL FERRETERÍA</Objeto_Generico>
        <Objeto>Objeto del contrato número 41</Objeto>
        <Fecha_adjudicacion>2016-02-11T00:00:00.000</Fecha_adjudicacion>
        <Importe>530,50 €</Importe>
        <Proveedores_Consultados/>
    </Contrato>
    <Contrato>
        <NIF>B00000042</NIF>
        <Adjudicatario>PROVEEDOR 42 SL</Adjudicatario>
        <Objeto_Generico>MATERIAL ELECTRICIDAD</Objeto_Generico>
        <Objeto>Objeto del contrato número 42</Objeto>
        <Fecha_adjudicacion>2016-02-12T00:00:00.000</Fecha_adjudicacion>
        <Importe>541,00 €</Importe>
        <Proveedores_Consultados/>
    </Contrato>
    <Contrato>
        <NIF>B00000043</NIF>
        <Adjudicatario>PROVEEDOR 43 SL</Adjudicatario>
        <Objeto_Generico>MATERIAL DE OFICINA</Objeto_Generico>
        <Objeto>Objeto del contrato número 43</Objeto>
        <Fecha_adjudicacion>2016-02-13T00:00:00.000</Fecha_adjudicacion>
        <Importe>551,50 €</Importe>
        <Proveedores_Consultados/>
    </Contrato>
    <Contrato>
        <NIF>B00000044</NIF>
        <Adjudicatario>PROVEEDOR 44 SL</Adjudicatario>
        <Objeto_Generico>MANTENIMIENTO SEDE</Objeto_Generico>
        <Objeto>Objeto del contrato número 44</Objeto>
        <Fecha_adjudicacion>2016-02-14T00:00:00.000</Fecha_adjudicacion>
        <Importe>562,00 €</Importe>
        <Proveedores_Consultados/>
    </Contrato>
    <Contrato>
        <NIF>B00000045</NIF>
        <Adjudicatario>PROVEEDOR 45 SL</Adjudicatario>
        <Objeto_Generico>ASISTENCIA JURÍDICA</Objeto_Generico>
        <Objeto>Objeto del contrato número 45</Objeto>
        <Fecha_adjudicacion>2016-02-15T00:00:00.000</Fecha_adjudicacion>
        <Importe>572,50 €</Importe>
        <Proveedores_Consultados/>
    </Contrato>
    <Contrato>
        <NIF>B00000046</NIF>
        <Adjudicatario>PROVEEDOR 46 SL</Adjudicatario>
        <Objeto_Generico>MATERIAL FERRETERÍA</Objeto_Generico>
        <Objeto>Objeto del contrato número 46</Objeto>
        <Fecha_adjudicacion>2016-02-16T00:00:00.000</Fecha_adjudicacion>
        <Importe>583,00 €</Importe>
        <Proveedores_Consultados/>
    </Contrato>
    <Contrato>
        <NIF>B00000047</NIF>
        <Adjudicatario>PROVEEDOR 47 SL</Adjudicatario>
        <Objeto_Generico>MATERIAL ELECTRICIDAD</Objeto_Generico>
        <Objeto>Objeto del contrato número 47</Objeto>
        <Fecha_adjudicacion>2016-02-17T00:00:00.000</Fecha_adjudicacion>
        <Importe>593,50 €</Importe>
        <Proveedores_Consultados/>
    </Contrato>
    <Contrato>
        <NIF>B00000048</NIF>
        <Adjudicatario>PROVEEDOR 48 SL</Adjudicatario>
        <Objeto_Generico>MATERIAL DE OFICINA</Objeto_Generico>
        <Objeto>Objeto del contrato número 48</Objeto>
        <Fecha_adjudicacion>2016-02-18T00:00:00.000</Fecha_adjudicacion>
        <Importe>604,00 €</Importe>
        <Proveedores_Consultados/>
    </Contrato>
    <Contrato>
        <NIF>B00000049</NIF>
        <Adjudicatario>PROVEEDOR 49 SL</Adjudicatario>
        <Objeto_Generico>MANTENIMIENTO SEDE</Objeto_Generico>
        <Objeto>Objeto del contrato número 49</Objeto>
        <Fecha_adjudicacion>2016-02-19T00:00:00.000</Fecha_adjudicacion>
        <Importe>614,50 €</Importe>
        <Proveedores_Consultados/>
    </Contrato>
    <Contrato>
        <NIF>B00000050</NIF>
        <Adjudicatario>PROVEEDOR 50 SL</Adjudicatario>
        <Objeto_Generico>ASISTENCIA JURÍDICA</Objeto_Generico>
        <Objeto>Objeto del contrato número 50</Objeto>
        <Fecha_adjudicacion>2016-02-20T00:00:00.000</Fecha_adjudicacion>
        <Importe>625,00 €</Importe>
        <Proveedores_Consultados/>
    </Contrato>
</Contratos>
